{
    "name": "root",
    "metadata": {
        "timer_format_version": "0.1.0",
        "start_time_seconds": "1695234313",
        "python_version": "3.9.6 (tags/v3.9.6:db3ff76, Jun 28 2021, 15:26:21) [MSC v.1929 64 bit (AMD64)]",
        "command_line_arguments": "D:\\marble-maze\\myvenv\\Scripts\\mlagents-learn --run-id=r7 --resume config\\marble-maze.yaml",
        "mlagents_version": "0.30.0",
        "mlagents_envs_version": "0.30.0",
        "communication_protocol_version": "1.5.0",
        "pytorch_version": "1.7.1+cu110",
        "numpy_version": "1.21.2",
        "end_time_seconds": "1695234356"
    },
    "total": 43.2293747,
    "count": 1,
    "self": 0.009008899999997766,
    "children": {
        "run_training.setup": {
            "total": 0.12425189999999997,
            "count": 1,
            "self": 0.12425189999999997
        },
        "TrainerController.start_learning": {
            "total": 43.096113900000006,
            "count": 1,
            "self": 0.021310200000037582,
            "children": {
                "TrainerController._reset_env": {
                    "total": 11.828817299999999,
                    "count": 1,
                    "self": 11.828817299999999
                },
                "TrainerController.advance": {
                    "total": 31.096261599999973,
                    "count": 921,
                    "self": 0.019209099999915935,
                    "children": {
                        "env_step": {
                            "total": 24.633600600000015,
                            "count": 921,
                            "self": 19.564498299999897,
                            "children": {
                                "SubprocessEnvManager._take_step": {
                                    "total": 5.056486700000157,
                                    "count": 921,
                                    "self": 0.0693809000001071,
                                    "children": {
                                        "TorchPolicy.evaluate": {
                                            "total": 4.98710580000005,
                                            "count": 887,
                                            "self": 4.98710580000005
                                        }
                                    }
                                },
                                "workers": {
                                    "total": 0.012615599999962868,
                                    "count": 920,
                                    "self": 0.0,
                                    "children": {
                                        "worker_root": {
                                            "total": 32.559646800000046,
                                            "count": 920,
                                            "is_parallel": true,
                                            "self": 14.91495940000005,
                                            "children": {
                                                "steps_from_proto": {
                                                    "total": 0.0006140999999999508,
                                                    "count": 1,
                                                    "is_parallel": true,
                                                    "self": 0.00026669999999917593,
                                                    "children": {
                                                        "_process_rank_one_or_two_observation": {
                                                            "total": 0.00034740000000077487,
                                                            "count": 2,
                                                            "is_parallel": true,
                                                            "self": 0.00034740000000077487
                                                        }
                                                    }
                                                },
                                                "UnityEnvironment.step": {
                                                    "total": 17.644073299999995,
                                                    "count": 920,
                                                    "is_parallel": true,
                                                    "self": 0.21852479999989427,
                                                    "children": {
                                                        "UnityEnvironment._generate_step_input": {
                                                            "total": 0.6147265000000814,
                                                            "count": 920,
                                                            "is_parallel": true,
                                                            "self": 0.6147265000000814
                                                        },
                                                        "communicator.exchange": {
                                                            "total": 16.313618400000067,
                                                            "count": 920,
                                                            "is_parallel": true,
                                                            "self": 16.313618400000067
                                                        },
                                                        "steps_from_proto": {
                                                            "total": 0.4972035999999527,
                                                            "count": 920,
                                                            "is_parallel": true,
                                                            "self": 0.22392129999995447,
                                                            "children": {
                                                                "_process_rank_one_or_two_observation": {
                                                                    "total": 0.2732822999999982,
                                                                    "count": 1840,
                                                                    "is_parallel": true,
                                                                    "self": 0.2732822999999982
                                                                }
                                                            }
                                                        }
                                                    }
                                                }
                                            }
                                        }
                                    }
                                }
                            }
                        },
                        "trainer_advance": {
                            "total": 6.44345190000004,
                            "count": 920,
                            "self": 0.03371589999999536,
                            "children": {
                                "process_trajectory": {
                                    "total": 2.2482828000000445,
                                    "count": 920,
                                    "self": 2.2482828000000445
                                },
                                "_update_policy": {
                                    "total": 4.1614532,
                                    "count": 2,
                                    "self": 2.8404396000000034,
                                    "children": {
                                        "TorchPPOOptimizer.update": {
                                            "total": 1.321013599999997,
                                            "count": 60,